<configuration>
	<appender name="STDOUT" class="ch.qos.logback.core.ConsoleAppender">
		<!-- encoders are assigned the type ch.qos.logback.classic.encoder.PatternLayoutEncoder 
			by default -->
		<encoder>
			<pattern>%d{HH:mm:ss.SSS} %-5level [%X{sourceThread}] [%logger{48}] - %msg%n</pattern>
		</encoder>
	</appender>

	<logger name="net.sf.ehcache" level="WARN"></logger>
	<logger name="akka.cluster.ClusterHeartbeatSender" level="WARN"></logger>
	<root level="DEBUG">
		<appender-ref ref="STDOUT" />
	</root>
</configuration> 